title,follow,url
潜台词,209088,/lswlsw
数据冰山,134660,/hemingke
幸福课,121582,/happy
一群旅行体验师,115577,/ethanlam
你不可能做不好一锅红烧肉,102843,/huizi
开放的智力,94930,/intelligence
丁香医生,84626,/dingxiangyisheng
天上不会掉馅饼,78396,/wontfallinyourlap
喂，两千块牛排,70262,/newpie
学点经济学,67098,/jingjixue
简单心理,58001,/jiandanxinli
老鼠谝车,56988,/lilaoshu
KnowYourself,56349,/knowyourself
神经科学,55537,/neuroscience
乱弹琴,54126,/DKLearnsPop
我们的征途是星辰大海,53180,/he110world
政见CNPolitics | 拆掉知识的高墙,50276,/cnpolitics
餐桌、橱柜和厨房,49585,/ChefElyn
技术型吃货,48171,/iFoodGeek
最美的国度,45688,/wonderland
花事未了,44653,/plant
价值发现,44511,/invest
触乐,41801,/chuapp
与时间无关的故事,41130,/wille
心理与生活,39463,/xinliyushenghuo
Something about Everything,39188,/somethingabouteverything
如何认真地活着,38890,/keepitreal
随手干货解救战火知乎,38046,/dehydrant
企业分析,36584,/company-research
Painsan?M包少女,36496,/sansan
积极教养,35111,/jijijiaoyang
痴兔食记,35103,/chitushiji
Clean Data,33386,/chenqin
漫步金融街,31249,/spoon
创投方法论,30272,/startup
豆叔碎碎念,30180,/sunlau
你不知道的日本,29625,/buzhidaoderiben
人心理的那些事儿,29216,/jimyoung
土木僧的写写画画,29122,/zhuxiaobao
看！你身边有一只数学！,29018,/MathplusPlus
理性的赌徒,27159,/lovemomo
吃吃吃就知道吃！,25852,/eateateatonlyeat
日用之道,25700,/riyongzhidao
止水,25697,/stillwater
半亩方塘：Nash的经济金融读书笔记,25466,/nash-econ-notes
通吃岛,25153,/easteregg
猎酒党,25016,/liejiudang
居心地,24894,/holagala
黑白漫文化,24676,/heibai
以法服人,24276,/raymondwanglaw
afishdead精细化设计的家,24195,/afishdead
心理碎片,24103,/AffectiveDisorder
V・T・E・C,24040,/transportation
White Room,24005,/whiteroom
看脸的世界,22907,/inyourface
各种税务知识,22726,/kqx1987
电子游戏救世界,22306,/gamecores
董老师在硅谷,22036,/donglaoshi
Dynamic Delta - Pure Alpha,21495,/delta
地图、地理与区域,21476,/geo-space
木上 MORETHAN,21166,/morethan
碗丸的料理研究,21036,/wan-cuisine
投资笔记,20974,/investingjournal
选・美 iAmElection,20502,/iamelection
与食巨近贱多食广以二会友,19391,/ciciatc
不吐不快,19341,/rosicky311
肥嘟嘟看电影,19320,/feidudumovie
经济学与金融学杂货铺,19149,/reinhardtjin
EconPaper,19059,/econpaper
爱燃烧 | 最专业的中文跑步运动社区,18969,/iranshao
迷宫中的银行,18896,/bankorsth
心理学的礼物,18862,/psychologyandeveryone
UncleLeslie的看法,18823,/uncleleslie
设计师 Yoyo,18721,/youwenwen
太空堡垒,18521,/Battlestar
一吃就胖,18488,/foodie
辍耕录,18159,/econzy
学电影,17736,/xuedianying
- 野职人 - The Organic Professional -,17345,/organicprofessionals
科学投资,17285,/scientific-invest
闻见异辞,17025,/finance
深夜特急,16890,/luoyi
金融菜鸟自强记,16799,/jinrongcainiaoziqiangji
AnimeTamashii,15988,/anitama
Finance 学习笔记,15938,/caoliu
盐之味,15934,/xiaoerya
创新工场的创业与投资,15730,/chuangxin
XVC的胡思乱想,15239,/xvcfund
Rock Chronicles 摇滚编年史,15181,/rockChronicles
璞琳说法,15073,/hpuling
生命的设计原则,14971,/DesignPrinciple
Bottom Gear,14886,/bottom-gear
踊考察,14835,/donghuakaocha
风控斋,14784,/riskhouse
量子世界,14476,/zqyin
木易电影,14306,/happymuyi
以量化角度看历史,14237,/cliometric
不被发布,13968,/chibaole
《虹膜》与数字出版,13892,/magasa
Tim's Landscape,13743,/landscape
苹果姐姐在美国,13622,/chenyuz
酒未来,13552,/huangshansake
我吃掉了一辆奔驰,13537,/panda618
VC杂谈,13410,/vczatan
木童语木,13389,/mutongyumu
经济金融随记,13266,/alenxwn
HomeBistro下酒菜,13017,/homebistro
萌の数学,12979,/yzhang
物流与人,12861,/mj1997
金与火之歌,12861,/financialhistory
日常现象的社会心理视角,12194,/xiongxiling
就这样，情绪,12144,/emogap
低压电气和低压电器技术,11868,/PatrickZhang
论戏书影,11699,/PictureWriter
不神医堂,11605,/bushenyitang
化学札记,11535,/chemccy
大气之象,11458,/DaqizhiXiang
一点儿也不宅,11400,/otaku
Dr. Song宋博士《优秀家长的6堂成长课》,11321,/dr-song
比生活简单多了,11263,/maths
功夫查理的编剧笔记,11131,/kungfucharlie
建筑小酒馆,10990,/archtavern
天文八卦学,10346,/astrobaguaology
电音厨房,10202,/educk
Music Related,10181,/musicrelated
游戏葡萄――游戏行业观察,9976,/gamegrapes
星球大战,9920,/starwars
姑娘们的美好早餐,9697,/girlslovebreakfast
ZC的新番手记,9661,/zc-anime-note
养儿育女,9651,/drpei
知漫,9648,/zhiman
认知神经科学,9501,/visionscience
Investment Ideas,9449,/investmentideas
Off-Piste,9426,/steepro
一个数据分析师的自我修养,9312,/data-analyst-improvement
洪言若轻,9237,/hongjj
啤酒的故事,9170,/beerstory
病毒学笔记,9145,/notesonvirology
码农经济学,9123,/econcode
邓较瘦汽车户口簿,9073,/mrdjs
自闭症,8919,/lilaoxi
猫眼看世界,8865,/mds2013
一蓑烟雨,8842,/alfredyuan
FU Wang's Law,8726,/fuwangezy
试饮笔记,8693,/lagavulin
清心流,8641,/anseeing
Spark Spread,8459,/sparkspread
大石头路73号,8303,/koukou
私法小课堂,8180,/evenchen
知舞,8063,/wudaozhuanlan
啤博士漫谈啤酒,8057,/piboshi
Mr. Bias 的经济学轻科普,7975,/lastvc
叭叭呜,7928,/yuxinlie
只缘身在此山中,7844,/burun
理财与创业历程,7788,/FinanceandEntrepreneurship
琉森：抽油烟少女,7713,/luzern
天生勇气,7643,/tianshengyongqi
假装思考,7639,/pretendcogitate
Trains ・ Cars ・ Bikes,7608,/trains-cars-bikes
无端端的歉意,7602,/mingwei
Kelly与吃的营养与流行病学,7515,/eatright
"教育""心""世界",7461,/jiaoyuxinshijie
洋葱圈,7402,/yangcongquan
眼镜研究所,7350,/Otalk
硅商冲击,7209,/silicontrader
Analytics at Work,7110,/analyticsatwork
视觉智能和一点点意识,6999,/visualthinking
凯凯的小车库,6965,/KK-Car
jenwayz真的不懂车,6894,/jenwayz
雨前羽街,6813,/plumestreet
心理学的Storyteller,6727,/zhangxin1023
拥抱全面信息化的时代,6712,/bankk
海错生灵,6675,/cherrycatfish
华兴观点,6579,/ChinaRenaissance
家具百科,6483,/jiaju
"Hic Rhodus, hic salta",6458,/HicRhodushicsalta
知乎航空航天署,6418,/Z-ASA
吃独食,6326,/eatalone
西西爸聊教育,6325,/zackcici
自由财务评论,6296,/freefinance
动画o国籍,6295,/animukokuseki
匀矢泽,6270,/arrowlake-hotelbook
那些年那些有趣的数学,6230,/wx-math
微观经济理论与博弈论,6213,/qianfeng
咨询の「魔法」と「炼金术」,6204,/psychomagic
庄时利和的碎碎念,6186,/zhuangshilihe
金融物理学（Econophysics）,6050,/econophysics
硅谷八卦及创业法律,6041,/SVlaw
西瓜山寨,5992,/yuanmu96
Joe's Studio & Cafe,5970,/hijoe
大头帮故事,5959,/bighead
天淡银河垂地,5903,/Mrfox
无人机中的城堡,5884,/castleofUAV
互联网金融从业笔记,5866,/fintech
加州阳光87°F,5674,/yueyu
Homo Economicus,5635,/economicus
繁花与简史,5603,/flower-and-history-attic
如何煮狼,5533,/cookawolf
临床心理学案例-DSM-5 Clinical Cases,5492,/dsm5clinicalcases
来聊聊我们的人体,5463,/physiology
在亚美利加做律师,5449,/lwq-yyl
乐高出柜计划,5341,/legaochuguijihua
材料那些事儿,5255,/cailiao
轨道与城市,5240,/urban-transit
地产三日侃,5156,/dichan
影视宅的自我修养,5142,/wangr
Print the Future,5088,/printfuture
"Hello, IOU",5055,/helloiou
工程师侃汽车行业,4988,/1540937
【辞客堂】曲创杂谈版,4985,/ongakuriron
FQuantStudio,4943,/faruto
单一麦芽威士忌,4926,/singlemaltscotch
吃?本?道,4922,/eatingwithprinciple
OBAFGKM,4915,/regulusone
一家之言,4886,/olegvodnik
如是娱乐法评论,4877,/Entertainmentlaw
坐在车上的设计汪,4860,/automotivedog
篮外空心,4838,/beasleynation
发动机标定相关,4652,/calibration
阅微堂,4631,/zhiqiang
凡影周刊,4571,/fanink
元亨利贞,4560,/zhongzhijun
小早川君,4513,/liyuqi
文献自助餐,4373,/ecope
瓦罐车谈,3986,/wagonzhang
星海航纪,3889,/interimm
傅踢踢的文艺黑板报,3873,/futeetee
学术伦理与师生关系,3825,/researchethics
好戏,3805,/haoxi2014
行走浆糊,3702,/vincentlai
艺.述.家,3666,/uncommontherapy
当我开车时，我在想什么,3633,/BrandonLu
Cat Who,3624,/catwho
卡丁车-赛车运动的基石,3597,/lqykartrace
『淑景舍』花嫁之殿,3573,/mingshizhonggong
"Delta, Gamma,  Theta, Vega",3554,/option
不知所谓,3514,/buzhisuowei
随笔,3496,/trauma
Data Science,3477,/gongwenjia
汽车电子设计,3389,/qcdzsj
流出的心理学,3366,/psyleaks
电影人程青松,3360,/dianyingshouce
电玩音乐汇,3350,/vgfans
Giving Voice,3328,/barty
儿童早期教育干预,3217,/sophiexhc
数据是个锤子,3216,/datahammer
My Two Cents - 行为金融学,3213,/bhlin
More than a Regression Monkey,3192,/regressionmonkey
NIPONICA,3190,/NIPONICA
幕后圈,3157,/behinders
我还有最后一句话,3063,/roclee
WhyPlus,3059,/WhyPlus
耆乐,3025,/elderlycognition
好奇的星星,2947,/againststigma
十过耶路撒冷而不入,2943,/shiyue
高分子课堂,2823,/polymer
分叉的螺旋,2811,/luohenwusheng
EVA-ADAS,2678,/autobots
加刘景长の茶会,2620,/jrmos
专业竞速型卡丁车入门,2537,/racingkart
剧场摩天轮,2292,/dramaluan
基因漫游指南,2280,/genespace
农村金融的现在和未来,2274,/ncjrchina
déjà vu,2254,/dejavu
聪明可爱也要好好读书,2203,/phantasmagoria
电车怪谈,2197,/joanting
五指毛桃,2195,/wuzhimaotao
Z's Mind and Brain,2170,/cogneuro
起立，上课！,2122,/ClassBegins
花果子念报,1923,/irinwind
BeerTalk酒说,1898,/beertalk
All about Cars,1874,/allaboutcars
小天的投资笔记,1829,/tianfanwang
冷・印ぴ,1817,/anitalk
檐疏蛛网重,1811,/Araneae
10英尺上下,1808,/tenfeet
在荷兰种土豆,1777,/xiaolin
写给万分之一的创新者,1737,/thenova
紫荆投资笔记,1606,/zijingnotes
SUiTHiNK,1577,/SUiTHiNK
Weizhi's Investment Journal,1542,/weizhi
谈谈保险和保险法,1520,/insuranc-law
沉思录,1450,/yanqiangsports
空间，最后的前沿,1378,/spatialeconomics
避风坞,1375,/stellewind
Odds and ends,1320,/Masami-in-Wonderland
“吾道禅心“    摄影浅谈,1299,/photograph
七日谈,1293,/dai-shao-he
把体育上升到一个高度=_=!,1291,/verge
关于计算固体力学的一些东西,1185,/zifeng
理论到实践――蹒跚学步的碳市场,1102,/ETSobserver
社会网络杂谈,1065,/yangzhangbo
喝咖啡聊美食享生活,1006,/vinca520
螂王啤酒漫谈,992,/lwcraftbeer
东三与西二,870,/steveli
白日梦呓语,866,/linshizhi
演化中的基因组,780,/EvolvingGenome
样式韦,614,/shiweishu
景观乱步,554,/landscapenotes
嘿，压力君~,551,/stress-w0v0w-
田弘毅的一人军队,519,/onemanarmy
篮球杂谈,461,/yangfan
金球有术,449,/moneyball
Pharmacoepidemiology & Pharmacoeconomics,427,/jimmychow
好爸爸好妈妈,409,/haobama
小咸鱼的后花园,399,/airstudio
If I Knew Then-如果当时早知道,391,/hbs1963
肖震宇的科学小屋,328,/psyxzy
A.T.C.G.U,327,/Zha0rong-ATCGU
花花世界，唐吉诃德,309,/bluememphis
小声呐喊,227,/cattle
低手空篮,125,/Chenrui18124
赛马查理王,74,/horse
